Model,RMSE_Test,MAE_Test,R2_Test
1D CNN,0.3132237041446583,0.24788059294223785,0.9056233763694763
