Model,RMSE_Test,MAE_Test,R2_Test
OLS Linear Regression,0.2367016441043168,0.1810327562807847,0.9461038597006612
1D CNN,0.3132237041446583,0.2478805929422378,0.9056233763694764
