Model,RMSE_Test,MAE_Test,R2_Test
OLS Linear Regression,0.23670164410431682,0.1810327562807847,0.9461038597006611
